Student_ID,Gender,Age,Attendance,Study_Hours_Per_Day,Previous_Marks,Assignment_Score,Internal_Marks,Sleep_Hours,Internet_Usage,Participation,Family_Support,Final_Result
STU0001,Male,16,81.9,4.5,61.1,66.1,34.3,5.8,1.1,Medium,Low,Pass
STU0002,Female,17,63.0,2.8,89.0,66.1,31.5,6.9,3.2,Medium,High,Average
STU0003,Female,19,89.1,3.6,73.4,81.1,27.2,7.6,1.2,High,Medium,Pass
STU0004,Female,17,75.8,3.7,60.6,74.8,31.5,6.2,1.6,High,Low,Average
STU0005,Male,16,71.7,2.3,75.5,78.0,23.8,7.8,2.2,Low,Medium,Fail
STU0006,Male,17,90.6,4.6,60.0,83.6,33.1,8.2,0.5,Medium,High,Pass
STU0007,Male,16,69.5,3.0,82.6,65.4,37.9,5.4,1.2,Medium,High,Pass
STU0008,Female,17,61.1,2.1,70.5,61.4,34.4,5.5,4.3,Low,High,Fail
STU0009,Female,16,59.3,4.0,63.4,54.8,23.6,6.3,0.6,High,Medium,Average
STU0010,Female,16,85.3,1.9,71.7,58.4,30.2,6.9,0.1,Medium,Medium,Fail
STU0011,Male,16,62.6,3.2,41.4,100.0,20.2,5.9,1.9,Low,High,Fail
STU0012,Female,19,99.1,3.2,48.1,87.4,31.4,8.1,4.3,Medium,High,Fail
STU0013,Female,17,53.0,4.7,47.1,51.1,30.7,7.0,2.6,Low,Medium,Fail
STU0014,Male,17,98.4,3.9,67.1,51.5,16.8,6.5,2.2,Medium,High,Average
STU0015,Male,17,80.5,3.2,91.0,76.7,21.0,4.8,3.1,Low,Low,Fail
STU0016,Male,16,76.8,4.3,98.5,77.7,26.3,4.9,0.0,High,Medium,Pass
STU0017,Male,17,71.5,5.1,74.6,77.7,26.2,6.8,3.9,High,High,Pass
STU0018,Female,17,82.8,4.0,72.5,66.4,20.7,3.9,3.7,Medium,Medium,Average
STU0019,Male,16,77.5,3.2,38.0,68.2,30.3,7.7,2.3,Medium,High,Average
STU0020,Male,18,91.2,1.4,56.9,74.6,29.5,6.3,4.8,High,Low,Fail
STU0021,Female,16,79.4,1.7,53.2,71.2,26.8,10.0,1.0,Medium,Medium,Fail
STU0022,Male,17,79.8,2.8,55.7,38.9,23.5,9.3,5.0,Low,High,Fail
STU0023,Male,16,73.6,2.3,62.5,66.8,34.3,6.3,3.3,Medium,High,Average
STU0024,Male,18,77.3,2.9,57.9,58.1,37.9,6.4,2.4,High,Low,Average
STU0025,Male,16,81.7,3.3,35.3,72.5,25.1,7.7,3.0,Medium,Medium,Fail
STU0026,Female,17,57.5,3.9,76.2,100.0,24.3,8.5,2.8,Medium,Medium,Pass
STU0027,Male,18,61.8,3.1,48.9,75.1,30.9,4.5,5.2,High,Low,Fail
STU0028,Male,19,86.9,3.9,68.6,65.6,25.9,4.4,1.1,High,High,Pass
STU0029,Female,17,80.1,3.3,96.1,82.9,27.2,5.8,1.6,High,High,Pass
STU0030,Male,18,75.8,0.4,51.2,76.8,32.4,7.2,4.9,Low,Low,Fail
STU0031,Female,18,78.2,1.9,27.0,75.9,16.5,7.1,1.9,Medium,Low,Fail
STU0032,Male,19,82.2,3.0,60.7,78.5,35.9,7.8,4.6,Medium,Low,Fail
STU0033,Male,16,,1.5,81.5,98.8,28.4,5.1,6.1,High,High,Fail
STU0034,Female,16,68.7,4.0,94.4,54.2,25.5,3.7,2.3,Medium,Low,Average
STU0035,Female,17,80.4,5.3,46.6,76.6,27.5,7.5,4.2,Low,Medium,Average
STU0036,Female,19,66.3,4.9,72.5,57.0,27.8,5.5,0.9,High,Medium,Pass
STU0037,Male,16,82.9,2.9,58.0,77.8,17.6,4.1,4.4,Medium,Medium,Fail
STU0038,Male,19,57.6,5.3,63.4,57.1,37.0,6.7,3.4,Low,Low,Pass
STU0039,Female,16,90.3,3.4,100.0,64.2,28.2,7.5,3.9,Medium,Medium,Pass
STU0040,Male,18,83.7,2.7,42.5,65.9,30.7,6.4,1.8,Low,High,Fail
STU0041,Male,16,81.1,2.3,68.8,,33.7,6.0,0.0,Medium,High,Average
STU0042,Male,19,89.8,2.8,72.0,82.9,21.9,6.3,3.9,Low,High,Pass
STU0043,Male,18,98.0,2.7,81.3,52.6,30.8,6.1,0.0,Medium,Low,Average
STU0044,Female,18,90.2,3.4,66.5,70.8,26.4,4.9,2.4,Medium,Medium,Fail
STU0045,Male,18,55.9,3.4,69.6,60.1,33.1,5.6,4.7,Medium,Medium,Fail
STU0046,Female,19,62.6,3.2,59.1,52.4,15.2,7.1,3.3,Medium,Medium,Fail
STU0047,Male,17,70.5,3.8,69.0,67.0,27.4,6.9,6.5,High,High,Average
STU0048,Female,17,78.3,4.9,59.9,65.7,24.4,6.7,4.8,Low,Medium,Average
STU0049,Female,17,84.2,4.5,74.3,100.0,30.6,5.3,1.8,Low,Low,Average
STU0050,Male,19,69.3,1.1,59.5,76.1,30.8,6.3,3.0,High,High,Fail
STU0051,Female,18,80.2,0.2,70.7,50.7,23.8,3.9,2.9,Low,High,Fail
STU0052,Female,17,68.9,4.5,64.6,62.1,23.7,6.7,0.2,High,Low,Pass
STU0053,Female,19,70.7,1.3,81.9,84.3,27.3,8.2,1.3,High,Medium,Fail
STU0054,Female,17,61.1,2.9,64.2,99.2,22.6,4.7,2.0,Medium,Medium,Pass
STU0055,Female,16,66.9,1.6,38.4,47.8,33.1,5.8,0.0,High,Medium,Fail
STU0056,Female,17,61.8,0.7,83.9,43.7,25.8,6.9,3.1,Low,Low,Fail
STU0057,Male,17,66.3,4.0,51.4,96.2,10.6,8.0,2.6,Medium,Medium,Average
STU0058,Male,18,90.6,4.3,55.2,,25.8,6.0,0.0,Medium,High,Fail
STU0059,Male,19,66.6,2.4,56.1,57.8,21.8,5.7,3.7,Medium,Medium,Fail
STU0060,Male,18,100.0,0.2,85.6,77.5,18.2,4.1,4.3,High,Low,Fail
STU0061,Male,18,83.9,2.4,33.0,33.1,20.6,6.6,3.4,Low,Medium,Fail
STU0062,Male,18,80.2,3.7,100.0,70.0,28.7,9.0,2.4,Medium,Medium,Pass
STU0063,Female,18,67.7,1.1,80.8,74.6,36.0,6.8,4.1,Medium,High,Average
STU0064,Male,18,86.4,3.5,68.3,82.9,29.9,6.5,4.2,Medium,Medium,Fail
STU0065,Male,17,71.1,3.2,64.2,55.8,24.4,6.9,3.6,Low,Low,Average
STU0066,Female,18,79.5,4.0,69.3,71.2,30.7,6.5,1.5,Medium,Low,Average
STU0067,Male,18,100.0,3.4,72.8,57.0,25.2,5.5,3.5,High,High,Pass
STU0068,Female,19,76.8,1.8,74.7,73.6,23.8,7.5,5.2,Low,Medium,Fail
STU0069,Male,16,91.8,4.9,73.3,57.5,21.1,6.8,1.9,High,High,Pass
STU0070,Female,17,69.6,3.0,66.3,64.3,17.5,6.5,6.8,Medium,Medium,Fail
STU0071,Female,17,77.6,3.2,62.0,56.1,25.7,5.3,2.1,High,Medium,Average
STU0072,Male,17,99.2,1.9,62.7,79.1,28.9,8.1,3.1,Medium,Medium,Fail
STU0073,Male,18,70.5,2.6,62.1,82.0,27.4,7.3,1.8,Low,High,Pass
STU0074,Female,18,99.7,2.0,82.0,66.7,25.5,5.8,3.4,Medium,High,Fail
STU0075,Female,18,86.5,3.0,73.9,70.5,22.3,7.7,0.0,High,Medium,Pass
STU0076,Female,19,71.3,5.6,20.9,49.7,31.6,5.9,2.0,Medium,Medium,Fail
STU0077,Female,16,85.6,1.3,74.8,65.8,20.1,5.6,1.0,High,Low,Average
STU0078,Male,18,89.7,0.9,67.9,69.3,32.7,5.6,3.2,Medium,Medium,Average
STU0079,Male,16,85.5,5.3,64.7,100.0,22.0,4.4,4.8,Low,Medium,Pass
STU0080,Male,19,59.2,2.9,59.2,54.4,23.5,7.1,4.2,Medium,High,Fail
STU0081,Female,17,69.3,2.3,81.9,90.5,19.2,4.3,0.0,High,High,Fail
STU0082,Female,18,75.0,4.7,79.2,84.0,25.0,,6.7,Medium,Medium,Average
STU0083,Male,16,77.1,2.4,53.4,73.9,33.9,4.0,3.5,High,Medium,Average
STU0084,Male,16,85.4,5.8,71.1,94.6,31.1,6.4,1.6,High,High,Pass
STU0085,Male,18,80.1,4.1,50.4,75.2,33.9,6.3,3.3,Medium,High,Pass
STU0086,Male,17,62.0,2.5,44.3,75.4,31.1,6.1,3.3,Low,Low,Fail
STU0087,Female,17,82.6,6.2,55.6,69.3,21.4,5.2,1.8,Medium,Medium,Average
STU0088,Female,17,85.3,2.4,77.9,87.1,26.0,5.1,3.4,Medium,Medium,Fail
STU0089,Female,19,84.7,4.2,79.3,85.4,23.3,7.1,1.9,High,Medium,Pass
STU0090,Male,16,91.0,3.6,72.7,61.2,36.0,5.8,2.3,Medium,Low,Fail
STU0091,Male,16,88.0,5.0,75.9,51.5,20.8,6.9,1.8,Medium,Low,Pass
STU0092,Female,16,83.5,5.4,72.7,67.2,33.4,5.4,0.4,High,Medium,Pass
STU0093,Female,19,77.2,3.2,55.4,58.8,33.4,6.7,3.3,Medium,Medium,Pass
STU0094,Female,16,58.1,2.1,71.5,69.1,39.0,8.1,4.1,Medium,Low,Fail
STU0095,Female,19,83.2,3.8,77.0,87.3,25.5,7.2,3.9,Medium,Medium,Pass
STU0096,Male,17,80.5,2.3,76.3,63.6,32.3,6.0,4.5,Medium,High,Pass
STU0097,Female,18,81.3,6.0,82.8,69.4,40.0,6.8,3.6,Medium,High,Pass
STU0098,Male,16,62.7,3.4,75.6,70.8,24.3,6.2,2.0,High,Medium,Pass
STU0099,Male,16,65.0,2.7,70.3,81.9,18.8,6.5,4.5,Medium,Medium,Fail
STU0100,Male,17,90.6,3.5,81.1,38.5,16.7,6.1,0.6,Medium,High,Fail
STU0101,Male,18,77.5,1.3,64.6,61.5,32.3,6.3,1.4,Medium,Medium,Average
STU0102,Female,19,86.2,1.8,51.8,73.0,16.7,6.8,1.3,Low,Medium,Fail
STU0103,Male,18,78.3,4.9,62.6,86.8,25.8,5.3,4.9,Low,Medium,Average
STU0104,Male,17,78.4,2.3,53.8,63.1,30.6,5.3,4.7,High,Low,Average
STU0105,Female,17,89.3,1.7,54.9,43.7,29.1,4.8,3.9,Medium,Medium,Fail
STU0106,Male,18,71.8,4.0,62.8,78.7,30.6,4.6,4.9,Medium,High,Fail
STU0107,Male,19,79.2,4.9,53.1,61.1,29.3,5.0,1.4,Medium,Medium,Average
STU0108,Female,19,72.5,4.2,60.4,53.3,35.7,6.7,3.6,Low,Medium,Average
STU0109,Male,16,72.8,4.6,36.6,61.3,22.3,5.4,2.8,Medium,High,Fail
STU0110,Male,19,74.3,2.1,68.2,67.4,23.9,7.1,4.5,Medium,Low,Average
STU0111,Male,18,80.7,1.2,65.0,61.5,23.4,6.5,2.8,Medium,Medium,Fail
STU0112,Male,17,72.3,5.3,52.7,39.1,33.0,4.1,2.3,Medium,Medium,Pass
STU0113,Female,16,93.1,2.7,74.9,82.6,33.4,7.3,4.0,Low,Medium,Average
STU0114,Female,16,67.3,2.8,79.1,87.8,30.7,7.5,4.6,Low,Low,Average
STU0115,Female,17,75.8,5.1,40.9,79.1,35.1,5.3,1.8,High,Medium,Pass
STU0116,Female,19,72.7,4.0,53.6,54.1,20.9,7.0,2.9,Medium,Medium,Pass
STU0117,Female,17,95.4,3.8,53.5,67.2,38.0,5.5,1.1,Medium,High,Average
STU0118,Male,19,80.4,6.2,50.9,69.9,37.1,6.6,0.0,Low,Medium,Pass
STU0119,Female,17,90.4,2.3,77.4,78.4,32.4,5.0,3.4,Low,Medium,Average
STU0120,Female,18,60.2,4.5,62.1,79.4,38.7,4.3,4.1,Medium,Low,Fail
STU0121,Female,19,81.2,3.3,61.0,59.7,18.1,6.0,3.5,Medium,Medium,Average
STU0122,Female,18,88.7,3.6,34.9,71.1,24.9,6.4,0.0,Medium,Low,Average
STU0123,Male,16,79.0,5.3,74.5,76.4,23.6,6.0,2.4,Low,High,Pass
STU0124,Male,17,90.8,3.9,46.4,90.4,32.3,5.1,0.0,Medium,Medium,Pass
STU0125,Male,16,71.8,4.0,65.9,79.9,21.7,6.0,5.5,Low,Medium,Average
STU0126,Male,16,94.9,4.7,69.2,81.0,32.5,6.8,1.0,Low,High,Pass
STU0127,Female,16,100.0,2.7,85.4,71.2,36.2,6.4,5.3,Medium,Medium,Pass
STU0128,Female,16,73.6,2.0,45.4,89.7,32.2,6.7,4.7,Low,Medium,Fail
STU0129,Male,17,72.7,1.7,20.0,75.7,29.7,5.7,1.4,Low,High,Fail
STU0130,Male,16,95.4,0.4,67.8,57.9,22.1,7.9,1.0,Medium,High,Fail
STU0131,Male,17,97.0,6.1,92.0,89.6,22.9,5.1,3.6,Medium,High,Pass
STU0132,Male,17,71.7,1.7,83.6,79.8,35.5,7.1,1.5,High,Low,Average
STU0133,Male,18,73.0,2.9,68.1,63.8,32.7,7.9,3.2,Medium,Medium,Pass
STU0134,Male,19,74.6,2.8,57.6,63.3,27.8,7.1,2.1,Low,High,Average
STU0135,Female,19,61.9,3.6,77.1,74.2,25.5,6.3,0.0,Low,Low,Average
STU0136,Male,17,67.0,4.3,50.4,76.5,15.8,5.9,0.0,High,Medium,Average
STU0137,Male,18,66.0,4.4,72.1,72.8,21.6,7.7,3.4,Medium,High,Average
STU0138,Female,17,68.8,2.4,72.6,74.4,39.5,4.8,2.0,Medium,Low,Pass
STU0139,Male,17,77.6,3.0,80.9,93.8,20.3,5.3,2.0,Low,High,Pass
STU0140,Female,17,80.8,3.6,100.0,85.0,29.1,6.0,4.3,Medium,Medium,Pass
STU0141,Female,18,96.6,2.9,70.9,72.7,34.0,8.0,5.1,Low,Medium,Pass
STU0142,Male,19,66.0,5.5,57.4,83.2,20.5,7.0,2.5,Medium,Low,Average
STU0143,Male,18,89.8,3.9,64.6,55.5,29.1,5.3,2.4,High,High,Average
STU0144,Male,16,75.4,4.2,38.5,75.6,33.6,6.1,3.9,High,Medium,Average
STU0145,Male,18,77.4,4.1,54.6,95.3,28.1,5.8,0.6,Medium,Medium,Pass
STU0146,Male,18,86.1,4.8,58.9,66.9,40.0,5.6,3.4,Medium,High,Pass
STU0147,Female,18,64.5,3.5,57.1,58.1,18.0,7.7,4.0,High,High,Average
STU0148,Male,18,82.6,1.4,67.3,60.9,34.4,4.9,4.2,Medium,High,Average
STU0149,Male,19,80.0,3.8,52.7,54.7,27.0,8.4,0.0,Low,Medium,Fail
STU0150,Male,16,83.9,2.3,81.8,59.0,32.6,7.5,1.6,Medium,Medium,Pass
STU0151,Female,19,81.5,2.5,65.0,64.8,30.6,7.8,1.4,Low,High,Pass
STU0152,Male,19,100.0,4.0,64.9,50.3,23.6,5.9,3.2,Medium,Medium,Average
STU0153,Male,18,70.3,4.9,60.1,70.2,29.4,6.3,3.9,Medium,Medium,Pass
STU0154,Male,17,71.6,3.2,67.3,82.6,16.9,,5.7,Medium,Low,Fail
STU0155,Female,17,70.5,3.6,77.4,57.3,31.6,5.9,2.1,Medium,High,Pass
STU0156,Male,19,71.3,5.6,52.0,91.3,29.8,7.1,2.1,Low,Medium,Average
STU0157,Female,19,70.4,3.5,55.1,77.2,31.8,8.1,5.1,Medium,High,Average
STU0158,Female,18,92.3,6.8,60.4,84.4,34.3,5.2,3.5,High,Medium,Pass
STU0159,Male,19,95.0,4.0,44.8,60.8,30.2,6.1,5.3,Medium,Low,Fail
STU0160,Female,18,71.2,0.7,52.7,82.0,28.9,6.3,3.5,Medium,Medium,Fail
STU0161,Male,17,68.0,4.3,57.9,54.7,22.7,4.8,0.9,High,Low,Fail
STU0162,Female,17,83.7,3.7,78.1,82.5,23.7,7.2,0.6,High,Medium,Pass
STU0163,Female,16,71.4,5.0,68.9,72.4,35.1,5.6,0.2,Low,Medium,Pass
STU0164,Female,17,85.6,4.1,67.9,77.7,36.6,,4.2,Low,Medium,Average
STU0165,Male,19,80.4,3.0,77.8,53.5,26.6,6.0,5.1,Medium,High,Pass
STU0166,Female,17,59.8,1.5,62.9,57.5,28.3,5.6,6.3,High,High,Fail
STU0167,Male,18,96.6,2.9,70.9,78.4,22.6,6.5,4.5,High,High,Average
STU0168,Male,17,99.6,2.0,63.5,56.7,35.0,6.2,5.1,High,Low,Average
STU0169,Male,16,70.6,2.4,69.0,76.5,32.0,6.1,2.0,Medium,Low,Average
STU0170,Female,17,73.3,4.0,56.3,50.9,39.6,5.6,0.9,Medium,Medium,Pass
STU0171,Female,18,81.4,5.5,28.4,81.9,22.7,6.9,4.5,Low,High,Average
STU0172,Male,18,82.0,3.8,63.0,52.7,25.7,8.5,3.8,Low,High,Fail
STU0173,Male,19,85.9,1.5,86.3,77.7,29.4,6.7,3.2,Medium,High,Pass
STU0174,Male,17,100.0,3.8,78.9,78.8,31.9,7.7,3.7,Medium,Medium,Pass
STU0175,Female,18,75.9,4.9,79.5,60.2,26.7,4.8,3.6,Medium,Medium,Average
STU0176,Male,16,68.4,2.3,83.5,78.1,22.8,6.7,5.3,Medium,Medium,Average
STU0177,Female,19,61.4,3.0,66.3,73.6,33.3,5.2,5.3,Low,Low,Fail
STU0178,Male,16,69.2,3.2,68.0,62.5,32.3,4.7,4.0,Medium,Low,Average
STU0179,Female,17,77.6,2.1,55.7,55.9,22.5,5.6,4.5,Low,High,Average
STU0180,Male,17,99.5,4.1,60.3,42.5,36.1,7.9,3.9,Medium,Medium,Average
STU0181,Male,17,71.8,3.0,74.2,74.9,35.0,7.6,2.2,High,Medium,Pass
STU0182,Male,19,80.7,3.8,83.1,48.1,28.8,6.8,4.4,Medium,Low,Average
STU0183,Female,18,77.8,2.0,62.9,71.3,28.5,4.7,0.5,High,High,Pass
STU0184,Female,19,92.3,2.6,58.2,66.3,31.3,6.3,4.9,Low,Medium,Fail
STU0185,Male,16,100.0,4.2,65.0,79.5,22.8,6.9,0.8,Medium,High,Average
STU0186,Female,19,71.6,2.7,74.0,65.8,28.2,6.7,3.5,Medium,High,Average
STU0187,Female,16,72.1,5.6,43.3,65.4,15.1,4.3,1.5,Medium,Medium,Fail
STU0188,Female,19,90.5,2.6,30.6,80.2,33.3,5.4,4.0,High,Medium,Fail
STU0189,Female,18,86.2,3.5,56.7,74.7,18.6,6.4,2.9,Medium,Low,Average
STU0190,Male,16,100.0,4.5,46.7,74.4,37.0,7.1,0.1,High,Low,Pass
STU0191,Male,17,85.0,1.2,57.4,76.6,26.0,3.9,3.8,Low,High,Fail
STU0192,Female,17,73.7,0.7,62.8,48.5,26.7,6.3,2.0,High,High,Fail
STU0193,Female,19,85.1,1.1,58.2,80.6,24.2,6.7,4.6,Low,Medium,Fail
STU0194,Female,17,91.3,5.0,86.8,78.6,26.3,7.5,3.0,High,Medium,Average
STU0195,Male,16,87.8,2.4,69.9,55.8,36.5,7.3,3.7,Medium,Medium,Pass
STU0196,Male,17,84.1,6.8,69.5,66.6,13.1,7.2,1.3,Medium,Low,Pass
STU0197,Female,18,90.8,2.4,74.3,69.4,35.7,5.5,1.9,Medium,Medium,Pass
STU0198,Female,18,92.0,11.8,47.9,68.1,30.0,4.2,2.2,High,Medium,Pass
STU0199,Female,19,94.6,5.4,80.6,74.7,20.8,6.0,4.5,Low,Medium,Pass
STU0200,Female,16,85.8,6.0,63.9,90.0,21.5,7.7,6.0,Medium,High,Pass
STU0201,Female,18,76.0,6.1,75.1,85.1,38.1,8.2,1.6,High,Medium,Pass
STU0202,Male,18,79.8,4.9,48.9,51.6,22.3,7.4,4.9,Medium,Low,Fail
STU0203,Male,16,92.5,4.6,41.7,78.7,21.1,7.0,0.0,Low,Medium,Average
STU0204,Female,17,68.2,4.0,77.3,88.6,34.8,7.0,0.9,Medium,High,Pass
STU0205,Female,17,82.4,4.3,70.6,75.4,30.0,5.8,1.3,Medium,Medium,Average
STU0206,Male,19,73.3,2.4,51.5,85.3,22.4,6.3,0.6,High,Low,Fail
STU0207,Male,17,78.3,12.5,52.0,98.2,29.3,8.5,0.1,High,Medium,Pass
STU0208,Female,16,93.3,3.2,81.9,84.3,21.8,5.4,3.7,Medium,High,Pass
STU0209,Male,18,80.3,3.0,47.2,73.5,34.6,,2.6,High,Medium,Average
STU0210,Male,17,78.6,2.6,89.6,84.6,34.4,6.1,3.7,Medium,High,Pass
STU0211,Female,19,61.7,4.2,51.5,72.0,31.2,8.1,4.2,Low,High,Average
STU0212,Female,17,87.0,4.5,74.6,70.3,30.2,4.8,3.5,Low,High,Pass
STU0213,Female,16,85.7,3.3,60.1,65.1,38.6,7.2,4.2,Medium,Medium,Average
STU0214,Male,19,100.0,5.3,74.0,91.9,28.0,5.6,2.9,Low,Medium,Pass
STU0215,Female,17,74.3,1.6,56.8,58.5,20.9,4.8,0.9,High,Low,Average
STU0216,Male,19,80.6,2.9,62.6,,30.7,6.8,4.9,High,High,Pass
STU0217,Male,16,81.0,2.2,65.6,77.0,40.0,7.7,1.9,Low,Medium,Pass
STU0218,Female,18,96.9,0.6,50.0,50.4,21.9,5.5,1.3,Medium,Low,Fail
STU0219,Female,16,76.9,3.1,76.1,75.1,25.8,4.7,2.7,Medium,High,Average
STU0220,Female,16,81.3,3.0,57.3,40.6,30.5,6.4,1.4,High,Medium,Pass
STU0221,Female,16,85.3,5.3,61.6,78.8,27.7,6.4,2.2,High,Medium,Pass
STU0222,Female,16,80.2,4.1,50.1,82.4,22.1,7.2,3.6,Medium,Medium,Average
STU0223,Male,18,72.6,1.8,26.6,61.7,34.7,7.6,3.6,High,Medium,Fail
STU0224,Male,18,80.3,5.8,62.1,71.7,40.0,6.4,1.4,Medium,High,Pass
STU0225,Male,19,90.9,4.9,100.0,97.4,29.2,8.7,2.1,Medium,Medium,Pass
STU0226,Male,17,65.7,4.0,76.8,62.9,22.6,6.8,4.9,Low,Medium,Fail
STU0227,Female,18,79.6,2.9,64.7,55.2,18.7,6.1,3.9,Low,Medium,Fail
STU0228,Male,18,69.6,1.9,61.1,90.7,29.5,4.6,6.7,Medium,High,Fail
STU0229,Female,17,92.3,2.7,65.3,97.5,34.6,6.2,5.1,Low,High,Pass
STU0230,Female,18,,4.7,73.2,70.1,30.9,6.1,5.1,Low,Medium,Average
STU0231,Female,16,71.3,0.1,47.3,84.2,28.0,7.7,0.5,Medium,Medium,Pass
STU0232,Male,16,82.5,5.4,81.7,88.8,24.5,7.1,4.4,Low,Low,Average
STU0233,Female,17,96.8,2.5,75.7,59.6,21.4,5.1,2.9,Medium,High,Fail
STU0234,Male,19,77.2,1.6,75.8,63.2,33.0,6.7,2.0,Medium,Medium,Fail
STU0235,Male,19,71.3,3.4,71.6,87.2,33.5,7.3,3.3,High,High,Average
STU0236,Female,17,100.0,0.7,65.3,93.6,18.7,8.3,4.7,Medium,Low,Average
STU0237,Male,17,60.6,3.7,75.1,77.9,37.5,7.6,3.9,Low,Medium,Pass
STU0238,Male,16,51.6,3.0,73.9,57.7,31.4,7.4,1.4,Medium,Medium,Average
STU0239,Female,19,83.3,2.5,59.7,97.8,36.4,6.6,4.3,High,High,Pass
STU0240,Male,18,72.0,1.0,56.4,62.6,19.9,7.0,1.9,High,Medium,Fail
STU0241,Female,16,,3.9,66.5,65.3,19.8,8.0,3.4,Medium,High,Average
STU0242,Female,17,86.5,2.5,88.2,74.8,27.1,4.9,2.5,Medium,Medium,Average
STU0243,Female,19,80.9,1.6,46.4,91.8,31.0,6.1,2.6,High,Medium,Average
STU0244,Male,18,71.2,0.2,43.0,82.0,38.8,5.6,4.4,Low,Low,Fail
STU0245,Male,18,62.6,3.2,67.5,75.8,32.2,7.0,1.1,Medium,High,Pass
STU0246,Female,16,88.5,5.7,65.8,76.5,26.5,8.0,6.5,Medium,Medium,Pass
STU0247,Male,19,85.8,5.5,67.6,70.6,21.8,5.8,0.0,Low,High,Pass
STU0248,Female,19,76.8,2.6,68.7,77.8,35.4,3.6,1.9,Medium,High,Pass
STU0249,Female,17,100.0,2.4,61.7,34.6,22.2,6.0,3.7,Low,High,Fail
STU0250,Female,19,65.2,3.9,87.3,65.8,37.8,7.6,4.1,Medium,Medium,Average
STU0251,Male,19,59.7,1.8,41.0,73.4,26.3,7.1,2.8,High,High,Fail
STU0252,Male,16,69.7,3.6,52.6,53.9,37.5,7.0,2.9,Low,High,Pass
STU0253,Female,19,77.5,4.3,63.5,75.4,32.1,6.2,3.7,High,Low,Average
STU0254,Male,18,80.9,4.9,40.4,67.1,27.2,5.0,2.6,Low,Medium,Average
STU0255,Male,16,75.1,3.1,62.4,94.6,24.9,7.1,5.5,Medium,Low,Average
STU0256,Female,16,82.2,2.9,89.9,92.0,26.0,5.5,4.5,Low,Medium,Average
STU0257,Female,17,63.0,2.0,65.3,63.5,30.6,9.1,4.6,High,Low,Fail
STU0258,Female,19,95.3,2.0,68.5,67.9,28.5,7.2,1.3,High,Low,Average
STU0259,Female,17,77.0,2.9,46.1,69.0,24.4,5.8,2.9,Medium,Medium,Fail
STU0260,Male,18,91.4,3.7,55.8,63.7,27.0,5.8,2.5,High,Medium,Average
STU0261,Female,16,82.1,4.5,59.4,72.7,28.5,6.4,1.2,Medium,Medium,Average
STU0262,Female,16,83.5,2.1,60.2,59.4,15.2,6.2,3.6,High,Low,Fail
STU0263,Male,16,84.8,5.3,84.2,54.2,30.7,7.8,2.0,Medium,Medium,Pass
STU0264,Male,18,83.4,2.8,73.4,78.7,22.1,6.7,4.2,High,Low,Fail
STU0265,Female,18,85.7,3.2,48.3,78.8,21.1,5.6,1.1,Medium,Medium,Average
STU0266,Female,17,93.9,2.2,68.7,58.7,17.9,8.8,6.1,Low,Medium,Fail
STU0267,Female,17,80.4,0.2,72.5,82.5,17.2,6.6,1.4,Medium,Medium,Average
STU0268,Female,17,86.5,4.4,82.1,61.2,19.9,7.4,3.4,Low,High,Average
STU0269,Male,19,,4.2,88.7,,23.7,5.8,4.4,Medium,Medium,Pass
STU0270,Male,16,95.3,2.8,49.8,81.5,39.7,6.9,2.0,Medium,High,Average
STU0271,Female,16,69.9,3.3,52.8,69.5,24.8,6.9,4.5,Medium,Medium,Fail
STU0272,Female,17,99.6,3.9,46.1,76.4,29.1,4.2,0.8,Low,Medium,Fail
STU0273,Female,16,77.5,1.0,61.5,62.8,30.4,8.9,5.6,Low,Medium,Fail
STU0274,Female,17,60.8,2.5,72.0,67.2,28.8,8.0,3.0,Medium,Low,Fail
STU0275,Male,19,79.5,4.3,79.8,67.1,27.5,6.0,1.9,High,High,Pass
STU0276,Male,19,69.8,1.4,63.9,59.5,20.8,5.2,2.5,Medium,Medium,Fail
STU0277,Female,18,88.1,3.6,60.2,67.5,36.7,6.9,4.5,Medium,Medium,Average
STU0278,Female,19,70.2,1.3,67.3,48.3,38.8,6.6,1.9,Medium,Low,Fail
STU0279,Female,17,72.6,3.9,52.5,63.1,17.9,6.9,1.7,Medium,Low,Fail
STU0280,Female,19,55.3,3.2,96.3,66.0,21.9,6.7,2.6,Low,High,Average
STU0281,Female,18,72.6,0.9,40.9,66.4,26.3,7.1,0.9,Medium,High,Average
STU0282,Male,16,48.9,4.8,67.8,66.6,22.2,8.2,6.3,Low,Low,Fail
STU0283,Male,17,59.0,2.2,95.4,69.1,31.0,7.2,2.0,High,Medium,Pass
STU0284,Male,16,87.1,2.1,65.1,76.7,23.6,5.2,4.5,Low,Medium,Average
STU0285,Female,18,87.4,3.5,62.1,82.2,40.0,8.1,3.4,Medium,High,Pass
STU0286,Male,18,83.1,4.8,59.6,60.9,35.1,8.5,1.2,Low,Low,Average
STU0287,Male,18,66.4,1.8,62.3,53.2,29.3,10.0,3.0,Low,Medium,Average
STU0288,Female,16,77.4,3.3,85.6,55.4,34.2,5.2,4.4,High,High,Average
STU0289,Male,16,78.0,3.8,31.8,63.2,34.6,6.8,2.7,Low,Low,Pass
STU0290,Female,16,64.1,4.2,88.0,65.1,24.6,4.0,5.1,Low,Medium,Average
STU0291,Male,16,96.0,3.4,43.6,59.2,23.1,7.2,4.8,Medium,High,Fail
STU0292,Male,18,88.5,2.7,61.0,51.9,28.5,5.8,4.7,Low,Medium,Fail
STU0293,Female,18,75.3,2.0,58.6,63.6,33.2,8.8,2.2,Low,Medium,Average
STU0294,Male,17,78.3,3.3,73.8,72.5,28.8,5.6,1.1,High,Low,Average
STU0295,Male,17,80.5,1.7,41.0,78.3,18.5,4.5,1.9,High,Low,Fail
STU0296,Female,16,53.5,0.2,71.9,62.2,23.2,5.9,3.4,High,Medium,Fail
STU0297,Female,19,75.0,3.8,95.4,64.2,27.6,4.1,4.0,High,High,Average
STU0298,Male,19,69.8,4.5,44.6,57.0,27.5,7.4,0.0,Medium,Medium,Average
STU0299,Female,18,66.0,0.2,67.8,69.6,39.8,4.0,3.0,Low,High,Fail
STU0300,Male,18,74.6,1.8,55.1,58.1,19.7,6.5,3.3,High,High,Average
STU0301,Male,18,99.6,4.1,71.4,78.0,31.0,4.0,2.5,High,Medium,Pass
STU0302,Female,17,85.7,6.1,65.3,45.0,36.9,6.1,5.3,High,Low,Pass
STU0303,Female,17,71.1,3.2,55.4,65.0,40.0,8.5,3.8,Medium,Medium,Average
STU0304,Female,18,84.9,2.2,72.3,74.2,25.6,6.9,5.4,Low,High,Fail
STU0305,Female,18,94.8,2.9,92.1,72.6,30.9,5.5,2.6,High,High,Average
STU0306,Female,18,89.1,5.1,62.1,100.0,31.4,6.5,4.7,Medium,Low,Pass
STU0307,Male,19,78.7,2.3,75.8,74.9,29.2,6.5,5.9,High,High,Pass
STU0308,Male,17,70.2,2.1,45.6,55.9,27.4,7.1,5.4,Low,Medium,Fail
STU0309,Female,19,86.4,2.5,50.7,68.7,30.6,4.9,1.0,Low,High,Fail
STU0310,Male,19,82.7,1.9,72.1,45.1,12.8,7.2,2.5,Low,Low,Fail
STU0311,Male,18,88.7,3.4,87.3,68.9,32.1,3.3,2.4,High,Medium,Pass
STU0312,Male,18,85.6,5.5,70.3,58.3,28.8,5.7,3.9,Low,High,Pass
STU0313,Male,16,90.6,3.7,60.3,82.8,26.7,5.9,4.2,Low,Medium,Average
STU0314,Female,16,71.6,2.8,65.0,62.3,40.0,7.3,1.5,High,Medium,Average
STU0315,Female,19,93.8,2.8,46.2,68.4,24.0,6.5,3.1,Low,Low,Fail
STU0316,Female,17,80.4,1.0,74.1,61.1,25.6,4.8,0.0,High,Medium,Fail
STU0317,Male,18,100.0,4.4,78.2,94.3,39.9,5.3,5.6,Medium,Medium,Pass
STU0318,Male,18,69.7,3.1,58.2,65.5,23.0,6.7,2.1,High,High,Pass
STU0319,Male,19,98.8,2.9,57.9,95.7,24.7,6.4,3.1,Medium,Medium,Fail
STU0320,Male,16,80.4,7.7,69.0,81.4,27.1,5.8,2.4,High,Medium,Pass
STU0321,Female,17,70.2,3.6,58.4,76.7,33.0,5.9,5.1,High,High,Pass
STU0322,Female,16,72.2,2.1,64.0,75.2,29.2,7.3,0.0,Low,Low,Fail
STU0323,Female,16,74.2,2.6,96.5,75.5,20.2,5.9,3.0,Low,Medium,Pass
STU0324,Male,16,83.1,4.8,61.3,43.0,24.8,6.4,2.8,Low,High,Average
STU0325,Female,16,84.3,3.4,59.6,66.1,24.4,9.1,2.2,Medium,High,Average
STU0326,Female,18,71.1,1.2,55.3,81.8,27.5,4.8,6.1,High,Medium,Fail
STU0327,Female,18,77.7,4.5,76.2,,30.6,4.3,1.4,Medium,High,Average
STU0328,Female,16,100.0,2.3,62.3,50.3,30.5,7.4,4.4,Medium,Low,Fail
STU0329,Male,17,98.7,5.8,55.3,69.3,17.3,5.7,3.6,Low,High,Average
STU0330,Male,19,83.2,4.7,84.8,93.9,34.4,6.1,5.3,High,Low,Average
STU0331,Male,17,78.5,2.6,86.3,87.5,29.5,,1.8,High,High,Pass
STU0332,Female,17,79.4,5.0,56.0,69.1,36.3,6.2,1.7,Low,Medium,Pass
STU0333,Male,17,85.4,3.3,37.0,83.3,30.7,8.4,5.0,Medium,High,Average
STU0334,Male,16,65.7,4.4,80.1,64.9,34.6,7.5,3.8,Low,High,Average
STU0335,Male,18,74.9,3.9,54.7,,30.8,7.5,0.2,Medium,High,Pass
STU0336,Male,17,58.0,2.0,76.9,57.1,36.1,4.8,2.0,Medium,Medium,Average
STU0337,Female,16,82.8,2.3,35.4,91.9,31.1,5.1,3.7,Low,Medium,Average
STU0338,Female,17,85.8,4.6,78.4,66.2,27.4,3.1,4.5,Medium,Medium,Average
STU0339,Male,17,72.2,2.7,46.8,66.6,40.0,5.5,1.8,Medium,High,Fail
STU0340,Male,16,96.9,2.6,76.0,65.8,33.3,7.6,0.0,Medium,Low,Pass
STU0341,Male,18,63.3,1.9,65.2,96.7,31.4,7.1,3.9,Medium,High,Average
STU0342,Male,18,60.4,3.8,50.7,92.8,20.3,6.2,0.8,Low,High,Average
STU0343,Male,19,80.7,6.1,58.9,100.0,20.3,6.5,0.0,High,Medium,Pass
STU0344,Male,16,90.6,1.7,75.3,67.8,29.8,5.7,0.0,Medium,High,Pass
STU0345,Male,19,98.2,3.2,66.6,74.1,28.9,6.7,4.5,Medium,Medium,Average
STU0346,Female,19,72.5,5.2,73.8,48.8,24.3,7.4,3.2,Low,Medium,Pass
STU0347,Female,19,90.9,3.1,94.6,90.7,28.8,4.6,2.6,High,Medium,Pass
STU0348,Male,18,77.5,3.8,41.5,53.7,37.5,6.9,5.5,High,Medium,Fail
STU0349,Male,16,,1.7,89.3,73.0,32.2,7.6,4.1,Low,High,Average
STU0350,Female,19,88.6,3.8,66.6,54.6,21.2,6.0,5.9,Medium,Medium,Average
STU0351,Male,16,85.8,2.9,51.5,61.8,27.3,7.3,0.5,Low,Medium,Fail
STU0352,Female,16,59.1,4.6,45.0,58.3,23.2,9.9,2.9,Medium,High,Average
STU0353,Female,18,95.7,4.9,62.2,61.5,25.7,6.4,0.1,Low,High,Average
STU0354,Male,19,94.6,6.8,78.8,,25.5,7.0,2.6,Medium,Low,Pass
STU0355,Male,19,70.5,4.0,63.1,62.3,25.1,5.6,2.6,Medium,High,Average
STU0356,Female,16,82.7,3.7,87.7,81.7,20.5,6.7,4.1,Medium,Medium,Average
STU0357,Male,17,83.9,3.5,43.2,,27.2,7.1,3.1,Medium,Medium,Fail
STU0358,Female,18,81.1,2.7,64.8,73.1,24.6,6.7,4.1,Medium,Medium,Fail
STU0359,Female,18,71.4,3.7,46.2,87.1,10.4,5.3,4.3,Medium,Medium,Average
STU0360,Female,18,69.9,2.8,70.5,62.8,40.0,6.7,6.9,Low,High,Pass
STU0361,Male,18,77.7,0.0,78.3,59.9,34.5,8.3,2.4,Low,Medium,Average
STU0362,Female,19,92.1,5.0,58.7,66.8,25.7,7.0,1.3,High,High,Pass
STU0363,Male,19,84.5,1.8,25.9,86.5,28.1,7.7,3.4,Low,Low,Fail
STU0364,Female,17,73.6,4.8,68.0,72.7,21.0,6.2,1.6,Medium,Medium,Average
STU0365,Female,18,87.3,5.0,71.6,62.6,38.2,7.4,5.7,High,High,Pass
STU0366,Male,18,43.8,3.0,71.1,76.8,39.4,,2.5,Low,High,Average
STU0367,Female,16,91.8,0.2,83.5,54.6,28.9,5.4,2.0,Medium,Medium,Average
STU0368,Female,19,57.1,2.3,48.9,79.5,34.1,6.9,2.2,Medium,Medium,Average
STU0369,Male,18,73.7,5.0,75.2,75.7,29.1,5.3,4.3,High,Medium,Pass
STU0370,Male,17,64.6,3.2,82.9,65.7,20.0,5.7,2.7,High,Medium,Fail
STU0371,Male,17,62.5,1.8,38.3,58.3,25.5,6.7,1.8,Medium,High,Fail
STU0372,Male,19,91.9,2.5,69.8,57.6,28.8,6.9,6.0,Low,High,Fail
STU0373,Male,17,72.4,4.4,57.4,77.5,25.3,5.1,1.5,Medium,Medium,Average
STU0374,Female,17,82.2,4.0,63.8,87.2,26.7,,3.1,Medium,High,Average
STU0375,Male,19,77.4,2.9,70.2,61.1,27.5,7.2,4.2,Medium,Medium,Average
STU0376,Male,18,83.7,2.7,57.7,76.4,27.5,5.7,0.1,Low,Medium,Pass
STU0377,Female,18,78.9,2.7,54.9,40.8,28.3,4.7,3.9,Low,Medium,Fail
STU0378,Male,17,62.6,1.9,65.5,61.8,21.6,6.3,1.1,High,Medium,Fail
STU0379,Female,17,90.0,5.5,48.7,69.6,23.7,6.0,4.5,Medium,Medium,Average
STU0380,Male,18,72.1,2.7,48.7,57.3,20.3,6.6,1.3,Medium,Medium,Average
STU0381,Male,19,59.3,4.9,75.2,56.9,33.9,6.1,4.2,Medium,Medium,Pass
STU0382,Female,17,72.9,5.3,47.8,60.7,15.4,4.1,5.0,High,Low,Fail
STU0383,Female,16,96.0,4.6,75.0,74.1,34.9,6.0,4.6,Medium,High,Average
STU0384,Female,19,88.2,2.6,71.9,67.4,36.3,6.1,3.5,Low,Medium,Average
STU0385,Female,17,73.8,3.8,39.1,38.7,26.2,7.3,2.6,Low,Low,Fail
STU0386,Female,17,73.8,3.2,54.8,40.3,12.4,5.7,2.0,Low,High,Fail
STU0387,Male,16,74.1,1.9,82.9,61.5,25.8,8.5,5.6,High,High,Average
STU0388,Male,16,100.0,3.7,50.3,76.4,27.6,4.2,1.7,Medium,High,Average
STU0389,Female,18,82.6,1.5,58.0,31.5,21.9,8.1,1.1,Medium,Medium,Fail
STU0390,Female,19,83.2,4.9,71.9,63.0,24.9,6.2,4.2,Medium,Low,Fail
STU0391,Female,19,90.4,2.5,76.8,62.6,37.2,7.5,1.6,Medium,Medium,Pass
STU0392,Male,18,80.9,3.5,61.2,89.4,32.0,6.6,1.3,High,Low,Pass
STU0393,Male,19,74.9,3.6,56.0,64.6,22.5,7.9,0.4,Medium,High,Average
STU0394,Female,19,75.6,2.8,86.3,75.4,18.4,6.0,2.1,Low,Low,Fail
STU0395,Male,19,77.1,4.0,91.1,72.0,26.0,5.2,2.9,Low,Medium,Average
STU0396,Female,19,77.6,2.5,79.7,40.2,26.7,8.2,3.4,Medium,Medium,Average
STU0397,Female,19,86.7,4.4,66.3,80.8,31.0,6.4,4.7,High,Medium,Pass
STU0398,Male,16,78.6,1.3,52.9,73.0,24.8,6.8,3.9,Medium,High,Fail
STU0399,Female,19,86.8,3.4,52.5,77.1,31.1,8.0,2.7,High,Medium,Pass
STU0400,Female,16,77.0,5.9,72.8,100.0,39.6,5.3,2.6,High,Low,Pass
STU0401,Male,19,78.9,1.8,71.3,40.8,32.9,7.2,3.9,Low,Medium,Fail
STU0402,Female,18,54.0,2.3,86.0,94.1,27.7,5.8,5.3,Low,Medium,Average
STU0403,Male,17,89.0,3.9,74.8,66.0,26.9,6.3,3.2,Low,Low,Average
STU0404,Female,16,82.2,3.5,42.5,74.0,25.9,6.6,2.2,Medium,Medium,Average
STU0405,Male,19,90.0,3.7,80.8,69.4,35.1,4.7,1.2,Low,Medium,Average
STU0406,Female,18,43.2,3.9,50.0,64.1,24.2,5.6,0.4,Medium,High,Average
STU0407,Male,17,100.0,4.1,59.2,62.0,28.3,8.1,4.2,Medium,High,Average
STU0408,Male,16,,4.8,68.8,74.6,28.3,7.6,4.0,Medium,High,Pass
STU0409,Female,17,91.3,3.8,94.9,48.8,25.0,6.4,4.0,Low,High,Pass
STU0410,Male,18,65.5,2.9,100.0,80.5,19.8,6.8,2.8,Medium,Medium,Average
STU0411,Male,16,85.4,4.1,74.1,64.2,29.9,6.1,5.5,Medium,Low,Average
STU0412,Female,17,65.4,5.9,62.3,54.2,27.6,8.1,2.1,Medium,Medium,Fail
STU0413,Female,19,70.5,3.0,73.0,63.7,31.0,6.3,4.7,High,High,Pass
STU0414,Female,16,100.0,1.8,78.3,87.6,24.8,6.8,2.9,Low,High,Fail
STU0415,Female,17,75.7,4.7,60.2,62.5,35.3,7.9,1.9,High,High,Pass
STU0416,Male,18,80.6,3.0,91.9,75.0,22.7,5.6,4.1,Medium,Low,Average
STU0417,Male,18,88.4,0.2,68.5,59.8,38.3,8.4,3.7,Medium,High,Pass
STU0418,Male,16,83.9,4.4,72.5,80.6,17.5,4.7,3.6,Medium,Medium,Average
STU0419,Female,17,79.8,2.5,75.0,79.6,30.6,8.5,3.1,Medium,Low,Average
STU0420,Female,16,82.4,3.1,71.3,95.9,30.9,6.1,2.9,Low,Medium,Pass
STU0421,Female,16,100.0,3.7,77.6,67.5,23.2,6.2,7.3,Medium,Low,Fail
STU0422,Female,17,77.3,3.5,55.7,79.4,30.5,4.2,5.1,Medium,Medium,Average
STU0423,Male,17,80.4,4.2,56.6,71.4,35.7,6.0,4.3,Medium,Medium,Average
STU0424,Male,19,90.6,2.6,48.5,88.1,14.7,5.3,3.2,Medium,Medium,Average
STU0425,Male,17,91.3,3.9,71.6,59.9,31.0,5.8,4.8,High,Medium,Pass
STU0426,Female,18,92.2,2.8,76.7,80.4,13.0,6.3,3.9,Medium,High,Average
STU0427,Male,16,85.7,4.2,71.9,67.3,22.2,7.6,3.0,Low,High,Average
STU0428,Female,16,64.3,4.1,90.1,69.1,37.8,6.7,2.5,Medium,Medium,Pass
STU0429,Male,18,97.6,1.9,64.9,71.3,24.5,6.9,2.9,High,High,Average
STU0430,Male,17,64.2,4.7,75.0,73.5,21.0,5.2,0.0,High,High,Average
STU0431,Male,18,81.6,2.4,48.6,68.4,26.8,5.4,3.4,Medium,Low,Fail
STU0432,Female,18,68.9,4.3,59.2,73.0,40.0,8.7,2.1,High,Medium,Pass
STU0433,Female,19,77.2,3.7,75.4,92.1,17.0,5.6,5.9,Low,Medium,Average
STU0434,Male,18,81.9,5.8,77.7,83.8,21.7,8.5,3.0,Medium,Low,Pass
STU0435,Male,16,81.9,2.9,60.6,82.2,37.0,6.2,0.9,High,High,Average
STU0436,Female,18,83.1,2.7,63.9,63.6,39.1,6.5,2.9,High,High,Pass
STU0437,Male,16,97.4,3.2,42.2,57.6,27.4,7.8,1.1,Medium,Low,Average
STU0438,Female,16,83.4,2.8,59.6,83.4,20.6,8.0,3.9,High,High,Average
STU0439,Female,16,75.1,4.3,78.4,82.3,40.0,6.4,3.5,Low,High,Pass
STU0440,Male,17,89.6,0.9,73.6,90.6,37.6,6.0,4.7,High,High,Pass
STU0441,Male,19,92.3,1.7,72.5,61.5,32.1,6.4,1.6,Medium,Medium,Average
STU0442,Female,16,63.3,1.7,65.7,66.8,23.1,6.9,3.1,Low,High,Fail
STU0443,Male,16,85.2,4.5,65.1,47.0,27.7,7.6,0.5,Low,Medium,Average
STU0444,Male,17,86.4,5.6,55.1,64.5,27.0,6.5,4.3,Medium,Medium,Pass
STU0445,Female,16,74.4,3.1,75.5,84.0,30.0,7.2,3.9,Low,Low,Pass
STU0446,Female,18,94.5,3.0,71.3,63.5,36.7,8.5,3.9,Medium,Low,Average
STU0447,Female,18,76.2,3.3,72.4,79.0,33.3,7.0,3.0,Low,High,Pass
STU0448,Female,19,79.5,4.8,57.1,67.3,21.5,6.9,3.7,Low,Medium,Pass
STU0449,Male,16,75.9,1.9,32.7,74.5,36.3,4.7,5.9,Medium,Medium,Fail
STU0450,Male,17,78.2,3.5,81.5,53.9,29.9,3.3,2.5,Medium,Low,Average
STU0451,Female,18,64.8,4.6,57.8,71.2,32.1,7.0,3.2,Medium,High,Average
STU0452,Female,17,60.7,3.9,52.1,28.1,36.8,6.4,1.0,Medium,Low,Average
STU0453,Male,17,97.1,3.5,75.4,67.4,21.3,5.9,1.4,High,High,Average
STU0454,Female,18,67.8,4.6,59.1,47.2,27.8,6.8,3.2,High,Low,Fail
STU0455,Male,17,66.1,0.2,80.9,86.9,24.8,6.4,5.0,Medium,Low,Fail
STU0456,Male,18,52.2,4.1,74.3,80.9,18.6,7.9,2.5,Medium,Medium,Average
STU0457,Male,17,70.3,2.3,75.3,76.5,30.1,6.6,2.6,Low,Medium,Average
STU0458,Male,18,62.1,0.6,44.5,,40.0,5.6,2.3,Low,Medium,Fail
STU0459,Male,16,97.7,3.9,83.2,56.7,17.0,7.7,2.0,Medium,Medium,Pass
STU0460,Male,19,90.1,5.1,68.9,94.5,27.8,6.2,3.5,High,High,Pass
STU0461,Male,18,69.7,3.0,59.5,83.1,31.8,7.1,0.3,Low,Medium,Fail
STU0462,Female,18,100.0,4.5,67.2,66.7,28.7,5.9,5.3,Low,Low,Average
STU0463,Female,19,89.8,5.5,38.4,85.9,27.3,5.7,1.8,Low,Medium,Average
STU0464,Female,18,74.1,5.0,71.1,54.5,20.2,6.6,4.3,High,High,Pass
STU0465,Female,18,48.0,5.5,49.6,58.5,29.4,6.5,0.7,Medium,Medium,Average
STU0466,Male,17,100.0,4.2,44.7,61.5,23.5,7.1,4.2,Low,Low,Fail
STU0467,Male,19,61.3,3.3,42.2,62.6,14.9,6.2,4.2,Medium,High,Fail
STU0468,Female,16,58.3,1.0,81.7,55.2,35.2,4.3,3.7,Medium,Medium,Average
STU0469,Male,18,90.3,2.9,55.6,87.1,33.8,6.0,1.2,Medium,Medium,Average
STU0470,Female,19,100.0,2.0,88.0,66.4,28.3,7.5,3.4,Low,Low,Average
STU0471,Male,17,94.6,6.2,57.0,74.9,29.4,6.1,0.9,High,Low,Pass
STU0472,Female,16,84.8,3.0,39.4,62.0,34.4,6.2,2.5,Medium,Medium,Average
STU0473,Male,19,85.1,3.4,48.3,44.5,29.3,,4.9,Medium,Medium,Pass
STU0474,Female,16,88.2,4.0,83.5,73.8,33.4,5.6,4.4,Low,Medium,Average
STU0475,Female,16,87.1,3.3,62.7,43.2,26.2,4.6,3.0,Medium,Medium,Average
STU0476,Female,16,81.4,5.6,56.8,69.0,35.9,6.3,1.2,Medium,Medium,Pass
STU0477,Male,18,79.3,2.3,67.4,50.8,29.9,5.9,4.2,Medium,High,Average
STU0478,Female,18,77.2,3.5,72.5,97.8,29.2,5.3,3.0,Low,High,Pass
STU0479,Female,17,69.0,2.2,81.8,82.8,20.4,6.3,0.0,High,High,Average
STU0480,Female,17,74.6,1.4,86.7,71.5,29.7,7.1,4.4,Low,Low,Average
STU0481,Female,19,57.7,2.3,59.6,87.7,23.0,6.5,3.0,Medium,Low,Fail
STU0482,Female,17,76.8,3.1,45.1,58.2,24.2,6.9,5.2,High,Medium,Fail
STU0483,Male,16,66.1,2.6,58.8,77.6,23.1,8.7,1.0,Medium,Low,Fail
STU0484,Female,16,64.8,2.2,68.9,72.8,21.6,6.1,0.0,Medium,High,Average
STU0485,Female,18,80.2,1.2,50.5,73.7,40.0,6.8,3.5,Medium,Low,Average
STU0486,Female,16,94.7,3.1,50.6,87.8,36.0,5.9,3.5,Medium,Medium,Average
STU0487,Male,19,89.0,1.1,70.2,80.3,39.5,5.5,0.0,High,Medium,Pass
STU0488,Male,16,59.2,4.3,64.3,74.0,20.7,5.8,1.2,Low,Medium,Fail
STU0489,Female,16,66.1,3.3,65.5,46.8,28.4,5.9,8.0,Medium,Low,Fail
STU0490,Female,19,89.3,1.2,53.6,56.6,20.2,6.9,2.4,Medium,Medium,Fail
STU0491,Male,17,66.2,2.8,61.5,68.3,23.8,9.3,4.3,Medium,Medium,Average
STU0492,Female,17,75.3,2.1,51.1,71.3,22.5,5.6,1.8,Medium,High,Fail
STU0493,Male,19,84.6,3.6,78.4,54.2,35.4,6.0,0.0,Medium,Low,Pass
STU0494,Male,18,66.4,5.1,80.5,100.0,25.6,6.4,2.7,High,High,Pass
STU0495,Male,16,79.3,0.6,37.3,91.2,34.4,7.0,2.5,High,High,Average
STU0496,Male,19,62.0,3.4,51.1,78.4,31.6,6.8,2.3,Medium,Medium,Average
STU0497,Female,16,70.8,3.0,42.6,71.0,40.0,8.0,2.8,Medium,High,Average
STU0498,Male,18,81.8,4.1,55.2,67.0,19.1,3.6,3.5,High,Low,Fail
STU0499,Female,16,58.9,3.5,63.7,56.7,35.6,3.6,2.7,Low,High,Average
STU0500,Female,19,83.3,2.1,43.3,71.1,34.9,5.9,0.7,Low,Medium,Average
STU0501,Female,16,77.8,2.8,51.2,73.6,22.2,7.8,3.9,Medium,Medium,Fail
STU0502,Female,17,84.6,2.1,49.9,52.6,34.0,4.6,0.0,High,Medium,Average
STU0503,Male,18,80.7,4.7,68.1,74.7,30.0,3.0,0.0,High,Low,Average
STU0504,Female,18,94.4,3.2,66.0,67.8,26.6,7.2,4.3,Medium,High,Pass
STU0505,Female,18,79.5,5.9,54.2,43.3,23.1,6.8,3.9,Low,Low,Fail
STU0506,Male,19,72.8,3.1,67.7,58.0,23.7,5.2,2.9,Medium,High,Fail
STU0507,Female,18,79.5,2.2,56.8,64.2,40.0,5.3,0.5,Low,Medium,Pass
STU0508,Female,17,84.5,1.1,60.9,96.4,28.0,5.3,1.7,Low,High,Fail
STU0509,Female,19,78.6,0.7,90.1,77.8,32.7,6.6,2.5,High,Medium,Fail
STU0510,Female,17,78.5,1.0,85.1,51.3,23.3,5.7,0.1,Low,Medium,Average
STU0511,Female,16,69.6,3.6,45.5,76.8,23.3,7.1,1.7,High,Medium,Fail
STU0512,Male,16,70.0,3.9,77.4,48.3,34.5,3.1,4.2,Medium,High,Average
STU0513,Female,16,61.2,1.0,77.2,85.2,19.9,5.5,5.6,Medium,Low,Average
STU0514,Female,16,99.0,4.5,47.8,63.4,25.5,5.1,2.2,Low,Low,Fail
STU0515,Male,17,63.1,2.5,77.3,68.7,28.2,6.2,4.4,Medium,Medium,Fail
STU0516,Male,19,69.7,3.4,88.1,88.6,28.7,5.9,0.0,Low,High,Average
STU0517,Male,19,69.4,5.5,48.2,52.0,26.9,7.5,4.2,High,Low,Pass
STU0518,Female,18,88.7,4.5,51.2,50.4,30.4,4.3,1.6,High,Medium,Pass
STU0519,Female,17,74.5,2.8,80.3,61.8,32.2,6.6,3.6,Medium,Medium,Average
STU0520,Male,16,93.0,2.0,69.1,84.5,32.4,7.2,2.6,Low,High,Pass
STU0521,Female,17,69.9,0.2,73.3,48.7,22.1,8.7,5.4,High,High,Average
STU0522,Male,18,81.3,2.2,70.1,30.3,26.3,5.9,1.4,Medium,Medium,Average
STU0523,Female,18,68.0,2.9,70.9,63.7,35.2,6.9,4.1,Low,Medium,Average
STU0524,Female,17,100.0,1.8,45.1,77.7,33.4,4.3,2.5,Medium,Medium,Fail
STU0525,Female,17,63.7,3.0,80.7,86.8,19.8,3.6,2.7,High,Low,Fail
STU0526,Male,17,81.7,3.3,82.5,63.5,30.1,7.5,2.7,Low,Medium,Average
STU0527,Male,19,85.6,2.9,61.6,64.2,16.1,6.5,1.5,Low,High,Fail
STU0528,Male,16,83.0,2.3,64.3,86.2,28.3,7.9,3.0,High,Medium,Average
STU0529,Male,17,75.8,3.4,42.0,43.8,39.4,4.9,2.9,Low,High,Average
STU0530,Female,17,,3.8,72.7,64.6,22.3,7.1,3.4,Low,Medium,Pass
STU0531,Female,17,78.5,1.7,73.6,72.7,23.0,8.7,3.2,Medium,High,Average
STU0532,Female,18,76.2,5.2,64.1,76.3,32.6,7.0,4.4,High,Medium,Pass
STU0533,Female,18,89.6,3.1,81.9,62.9,18.7,6.8,4.7,Medium,Medium,Average
STU0534,Female,19,100.0,3.2,60.0,70.5,24.2,6.5,1.1,High,Medium,Average
STU0535,Female,16,71.3,4.2,73.5,35.2,31.6,4.6,4.6,Medium,Medium,Average
STU0536,Female,19,61.6,3.5,49.7,60.8,24.2,8.1,0.9,Low,Medium,Average
STU0537,Female,16,76.9,4.5,64.6,76.3,26.6,5.8,4.1,High,High,Pass
STU0538,Male,18,100.0,3.6,62.4,56.2,32.5,7.1,4.1,Medium,High,Average
STU0539,Male,18,68.4,2.3,68.4,70.8,30.5,4.6,0.0,Low,Medium,Fail
STU0540,Male,18,97.7,3.7,59.5,76.3,29.6,5.1,3.2,Medium,Low,Average
STU0541,Female,19,98.1,1.6,63.0,65.2,26.0,8.2,2.2,Medium,Medium,Average
STU0542,Female,17,71.4,3.4,77.4,72.4,30.2,6.1,1.6,Low,Medium,Pass
STU0543,Male,17,84.8,3.2,58.4,56.5,27.3,8.2,5.4,Low,Low,Fail
STU0544,Female,18,97.5,2.9,40.9,67.1,30.7,6.4,1.8,Medium,High,Fail
STU0545,Female,17,73.5,3.0,91.2,78.5,25.0,4.3,1.5,High,High,Pass
STU0546,Male,17,75.6,0.6,85.7,72.2,26.9,7.6,3.1,Medium,High,Average
STU0547,Male,19,71.0,2.4,45.6,61.8,22.1,5.8,4.2,High,Low,Fail
STU0548,Female,16,65.8,3.3,75.3,73.1,27.8,7.3,2.7,Low,High,Average
STU0549,Female,18,70.2,3.4,57.5,80.0,23.1,6.5,5.1,Low,High,Fail
STU0550,Female,18,63.3,1.8,69.0,41.3,21.3,4.6,4.0,Low,Medium,Fail
STU0551,Female,19,78.4,5.0,69.4,86.2,29.6,6.7,0.0,Low,Medium,Pass
STU0552,Female,19,68.8,2.0,61.5,65.3,29.3,9.1,2.0,Low,High,Average
STU0553,Female,17,80.8,4.6,53.2,76.0,32.7,7.1,2.0,High,Medium,Pass
STU0554,Female,18,59.3,3.8,54.6,86.8,25.4,6.4,3.9,High,Medium,Fail
STU0555,Female,16,82.0,2.3,51.3,50.8,30.4,7.8,0.0,High,Medium,Pass
STU0556,Male,19,88.0,5.7,52.5,60.1,31.3,6.8,7.6,Low,Medium,Fail
STU0557,Male,16,54.1,1.5,64.0,66.0,30.7,6.8,4.0,High,Low,Fail
STU0558,Male,16,82.5,4.5,54.3,59.0,23.0,5.2,3.3,Medium,High,Fail
STU0559,Female,18,92.7,4.6,75.2,94.3,28.9,6.8,5.1,Low,High,Pass
STU0560,Female,18,63.5,2.3,87.3,58.0,30.2,7.7,7.2,High,Medium,Average
STU0561,Female,19,98.1,5.1,56.3,62.2,28.0,5.5,4.6,Medium,Low,Average
STU0562,Male,18,,2.8,68.6,72.9,15.5,8.2,4.7,Low,Medium,Average
STU0563,Male,18,69.5,3.6,72.5,53.2,29.0,6.4,3.2,Medium,Low,Average
STU0564,Male,18,77.3,3.6,72.1,64.5,40.0,5.4,2.7,Low,Low,Average
STU0565,Male,16,84.7,3.0,66.1,74.4,25.8,7.7,2.1,Medium,Medium,Average
STU0566,Female,19,78.9,4.3,76.1,65.3,23.6,6.2,1.5,Medium,Medium,Pass
STU0567,Male,17,84.5,4.3,72.2,68.7,30.2,7.4,1.8,High,Medium,Pass
STU0568,Male,16,67.0,0.8,46.4,62.6,29.9,6.1,0.6,Low,Low,Fail
STU0569,Female,18,80.0,5.0,78.0,48.8,35.2,6.4,2.9,Medium,Medium,Average
STU0570,Male,16,61.0,0.9,78.3,74.5,20.5,7.1,0.0,Medium,Low,Fail
STU0571,Male,18,76.7,4.6,53.6,94.6,32.4,6.8,3.3,Medium,High,Pass
STU0572,Female,18,67.2,4.8,65.6,70.3,31.5,4.1,2.9,Medium,Medium,Average
STU0573,Male,16,69.2,1.7,75.2,73.2,27.1,5.2,3.3,Medium,High,Fail
STU0574,Female,19,92.8,2.6,61.9,79.7,30.0,7.6,2.1,High,Medium,Pass
STU0575,Female,18,91.1,1.7,81.1,52.2,34.2,6.3,8.5,High,Low,Average
STU0576,Female,19,85.3,2.9,100.0,93.8,33.2,5.9,5.4,High,High,Pass
STU0577,Male,17,64.9,2.8,53.2,72.8,21.1,4.9,0.8,High,Medium,Fail
STU0578,Female,18,74.2,4.3,44.3,92.8,32.9,5.2,3.4,Medium,Medium,Average
STU0579,Male,19,92.6,5.0,69.6,59.7,27.6,4.1,1.9,High,Medium,Pass
STU0580,Male,19,79.7,5.2,75.8,95.5,28.4,6.4,1.2,Medium,Low,Pass
STU0581,Male,17,100.0,2.4,61.5,80.9,28.4,,0.6,Medium,High,Average
STU0582,Female,19,82.7,2.9,86.8,77.7,27.1,5.3,3.8,Medium,Medium,Pass
STU0583,Male,19,80.3,0.8,44.9,73.3,35.2,6.4,1.8,Medium,Medium,Fail
STU0584,Male,17,,2.1,75.4,66.5,27.5,6.9,4.7,Low,Low,Average
STU0585,Female,18,79.6,4.6,55.9,86.8,21.3,9.0,4.8,High,Low,Pass
STU0586,Male,19,76.2,5.5,90.8,72.0,25.6,4.7,5.5,Medium,High,Pass
STU0587,Male,19,86.5,1.5,94.9,42.5,29.1,7.9,1.5,Low,High,Average
STU0588,Male,19,89.5,2.4,53.5,54.4,35.4,7.7,3.9,Medium,Medium,Fail
STU0589,Male,16,68.6,3.2,56.8,67.4,31.6,5.6,4.1,Low,Low,Fail
STU0590,Male,17,62.0,3.6,77.9,74.3,22.9,6.7,2.1,Low,High,Fail
STU0591,Male,16,56.0,2.1,59.2,69.2,40.0,6.0,1.6,Low,Medium,Average
STU0592,Female,17,84.1,3.8,64.3,87.1,29.6,6.7,5.9,Medium,Medium,Average
STU0593,Male,18,64.8,2.5,65.4,42.7,35.7,8.3,3.4,Medium,Medium,Fail
STU0594,Male,18,52.2,3.2,36.2,72.0,27.1,7.2,4.1,High,Medium,Fail
STU0595,Female,19,82.7,4.0,64.8,44.5,31.2,7.1,1.5,Medium,High,Pass
STU0596,Male,17,100.0,3.2,54.7,80.6,33.0,6.0,0.8,Medium,High,Pass
STU0597,Female,18,77.9,2.6,57.6,68.7,35.3,4.7,2.0,Medium,Low,Fail
STU0598,Male,17,88.1,3.0,86.7,75.9,34.3,6.2,2.8,Medium,Medium,Pass
STU0599,Male,18,79.0,3.1,46.2,57.9,33.2,7.9,1.1,High,Medium,Fail
STU0600,Male,16,76.8,2.7,77.2,87.9,26.1,4.7,3.0,Low,Medium,Average
STU0447,Female,18,76.2,3.3,72.4,79.0,33.3,7.0,3.0,Low,High,Pass
STU0405,Male,19,90.0,3.7,80.8,69.4,35.1,4.7,1.2,Low,Medium,Average
STU0510,Female,17,78.5,1.0,85.1,51.3,23.3,5.7,0.1,Low,Medium,Average
STU0456,Male,18,52.2,4.1,74.3,80.9,18.6,7.9,2.5,Medium,Medium,Average
STU0202,Male,18,79.8,4.9,48.9,51.6,22.3,7.4,4.9,Medium,Low,Fail
